{"cameraMode":{"drawMode":0,"name":"Shaded","section":"Shading Mode"},"sceneLighting":true,"audioPlay":false,"sceneViewState":{"m_AlwaysRefresh":false,"showFog":true,"showSkybox":true,"showFlares":true,"showImageEffects":true,"showParticleSystems":true,"showVisualEffectGraphs":true,"m_FxEnabled":true},"in2DMode":false,"pivot":{"x":0.4130503237247467,"y":2.4114458560943605,"z":-1.010075569152832},"rotation":{"x":0.10034074634313584,"y":-0.25765785574913027,"z":0.026029011234641076,"w":0.9610598683357239},"size":6.526391506195068,"orthographic":false}